[
	{
		"title": "5 Effective Strategies to Boost Your E-commerce Sales",
		"coverPhoto": "https://example.com/cover-photo-1.jpg",
		"date": "2023-07-15"
	},
	{
		"title": "The Ultimate Guide to Creating a Successful Online Store",
		"coverPhoto": "https://example.com/cover-photo-2.jpg",
		"date": "2023-07-18"
	},
	{
		"title": "Understanding Customer Behavior: How to Optimize Your E-commerce Store",
		"coverPhoto": "https://example.com/cover-photo-3.jpg",
		"date": "2023-07-22"
	},
	{
		"title": "The Power of Social Media for E-commerce: Tips and Best Practices",
		"coverPhoto": "https://example.com/cover-photo-4.jpg",
		"date": "2023-07-25"
	},
	{
		"title": "Mastering SEO for E-commerce: Techniques to Improve Your Online Visibility",
		"coverPhoto": "https://example.com/cover-photo-5.jpg",
		"date": "2023-07-29"
	},
	{
		"title": "Streamlining the Checkout Process: Best Practices for a Seamless Customer Experience",
		"coverPhoto": "https://example.com/cover-photo-6.jpg",
		"date": "2023-08-02"
	},
	{
		"title": "Building Customer Loyalty in E-commerce: Strategies for Repeat Purchases",
		"coverPhoto": "https://example.com/cover-photo-7.jpg",
		"date": "2023-08-05"
	},
	{
		"title": "The Importance of Product Photography in E-commerce",
		"coverPhoto": "https://example.com/cover-photo-8.jpg",
		"date": "2023-08-09"
	}
]
