{
  "orders": [
    {
      "id": "2023001",
      "date": "2022-01-02",
      "customer_name": "John Smith",
      "customer_email": "john.smith@gmail.com",
      "items": [
        {
          "product_id": "1018",
          "name": "Smart Scale",
          "quantity": 1,
          "price": 79.99
        }
      ],
      "total_price": 79.99,
      "status": "Delivered"
    },
    {
      "id": "2023002",
      "date": "2022-01-06",
      "customer_name": "Mary Johnson",
      "customer_email": "mary.johnson@hotmail.com",
      "items": [
        {
          "product_id": "1013",
          "name": "Noise Cancelling Headphones",
          "quantity": 1,
          "price": 149.99
        },
        {
          "product_id": "1025",
          "name": "Wireless Charger",
          "quantity": 1,
          "price": 49.99
        }
      ],
      "total_price": 199.98,
      "status": "In Transit"
    },
    {
      "id": "2023003",
      "date": "2022-01-10",
      "customer_name": "David Lee",
      "customer_email": "david.lee@yahoo.com",
      "items": [
        {
          "product_id": "1022",
          "name": "Smart Thermostat",
          "quantity": 1,
          "price": 199.99
        }
      ],
      "total_price": 199.99,
      "status": "Delivered"
    },
    {
      "id": "2023004",
      "date": "2022-01-15",
      "customer_name": "Emily Brown",
      "customer_email": "emily.brown@gmail.com",
      "items": [
        {
          "product_id": "1020",
          "name": "Wireless Gaming Headset",
          "quantity": 1,
          "price": 99.99
        },
        {
          "product_id": "1014",
          "name": "Bluetooth Keyboard",
          "quantity": 1,
          "price": 49.99
        }
      ],
      "total_price": 149.98,
      "status": "Delivered"
    },
    {
      "id": "2023005",
      "date": "2022-01-20",
      "customer_name": "Michael Davis",
      "customer_email": "michael.davis@hotmail.com",
      "items": [
        {
          "product_id": "1015",
          "name": "Virtual Reality Headset",
          "quantity": 1,
          "price": 299.99
        }
      ],
      "total_price": 299.99,
      "status": "Cancelled"
    },
    {
      "id": "2023006",
      "date": "2022-01-25",
      "customer_name": "Jessica Wilson",
      "customer_email": "jessica.wilson@yahoo.com",
      "items": [
        {
          "product_id": "1019",
          "name": "Action Camera",
          "quantity": 1,
          "price": 199.99
        },
        {
          "product_id": "1014",
          "name": "Bluetooth Keyboard",
          "quantity": 1,
          "price": 49.99
        },
        {
          "product_id": "1025",
          "name": "Wireless Charger",
          "quantity": 1,
          "price": 49.99
        }
      ],
      "total_price": 299.97,
      "status": "Delivered"
    },
    {
      "id": "2023007",
      "date": "2022-01-30",
      "customer_name": "Robert Garcia",
      "customer_email": "robert.garcia@gmail.com",
      "items": [
        {
          "product_id": "1017",
          "name": "Wireless Gaming Controller",
          "quantity": 2,
          "price": 139.98
        },
        {
          "product_id": "1027",
          "name": "Wireless Router",
          "quantity": 1,
          "price": 149.99
        }
      ],
      "total_price": 289.97,
      "status": "In Transit"
    },
    {
      "id": "2023008",
      "date": "2022-02-02",
      "customer_name": "KarenJones",
      "customer_email": "karen.jones@hotmail.com",
      "items": [
        {
          "product_id": "1028",
          "name": "Smartphone",
          "quantity": 1,
          "price": 899.99
        }
      ],
      "total_price": 899.99,
      "status": "Delivered"
    },
    {
      "id": "2023009",
      "date": "2022-02-05",
      "customer_name": "William Davis",
      "customer_email": "william.davis@gmail.com",
      "items": [
        {
          "product_id": "1024",
          "name": "Fitness Tracker",
          "quantity": 1,
          "price": 99.99
        },
        {
          "product_id": "1025",
          "name": "Wireless Charger",
          "quantity": 1,
          "price": 49.99
        }
      ],
      "total_price": 149.98,
      "status": "Delivered"
    },
    {
      "id": "2023010",
      "date": "2022-02-10",
      "customer_name": "Jennifer Martinez",
      "customer_email": "jennifer.martinez@yahoo.com",
      "items": [
        {
          "product_id": "1026",
          "name": "Smart Watch",
          "quantity": 1,
          "price": 299.99
        }
      ],
      "total_price": 299.99,
      "status": "Delivered"
    },
    {
      "id": "2023011",
      "date": "2022-02-15",
      "customer_name": "Christopher Wilson",
      "customer_email": "christopher.wilson@hotmail.com",
      "items": [
        {
          "product_id": "1021",
          "name": "Wireless Earbuds",
          "quantity": 1,
          "price": 129.99
        },
        {
          "product_id": "1025",
          "name": "Wireless Charger",
          "quantity": 1,
          "price": 49.99
        }
      ],
      "total_price": 179.98,
      "status": "Delivered"
    },
    {
      "id": "2023012",
      "date": "2022-02-20",
      "customer_name": "Ashley Brown",
      "customer_email": "ashley.brown@gmail.com",
      "items": [
        {
          "product_id": "1016",
          "name": "Smart Speaker",
          "quantity": 1,
          "price": 149.99
        },
        {
          "product_id": "1025",
          "name": "Wireless Charger",
          "quantity": 1,
          "price": 49.99
        }
      ],
      "total_price": 199.98,
      "status": "Delivered"
    },
    {
      "id": "2023013",
      "date": "2022-02-25",
      "customer_name": "Daniel Taylor",
      "customer_email": "daniel.taylor@hotmail.com",
      "items": [
        {
          "product_id": "1018",
          "name": "Smart Scale",
          "quantity": 1,
          "price": 79.99
        },
        {
          "product_id": "1025",
          "name": "Wireless Charger",
          "quantity": 1,
          "price": 49.99
        }
      ],
      "total_price": 129.98,
      "status": "Delivered"
    },
    {
      "id": "2023014",
      "date": "2022-03-01",
      "customer_name": "Amanda Hernandez",
      "customer_email": "amanda.hernandez@yahoo.com",
      "items": [
        {
          "product_id": "1020",
          "name": "Wireless Gaming Headset",
          "quantity": 1,
          "price": 99.99
        },
        {
          "product_id": "1025",
          "name": "Wireless Charger",
          "quantity": 1,
          "price": 49.99
        }
      ],
      "total_price": 149.98,
      "status": "Delivered"
    },
    {
      "id": "2023015",
      "date": "2022-03-06",
      "customer_name": "Joshua Martinez",
      "customer_email": "joshua.martinez@gmail.com",
      "items": [
        {
          "product_id": "1026",
          "name": "Smart Watch",
          "quantity": 1,
          "price": 299.99
        },
        {
          "product_id": "1012",
          "name": "Smartphone Case",
          "quantity": 1,
          "price": 19.99
        }
      ],
      "total_price": 319.97,
      "status": "Delivered"
    },
    {
      "id": "2023016",
      "date": "2022-03-10",
      "customer_name": "Sarah Brown",
      "customer_email": "sarah.brown@hotmail.com",
      "items": [
        {
          "product_id": "1015",
          "name": "Virtual Reality Headset",
          "quantity": 1,
          "price": 299.99
        },
        {
          "product_id": "1025",
          "name": "Wireless Charger",
          "quantity": 1,
          "price": 49.99
        },
        {
          "product_id": "1012",
          "name": "Smartphone Case",
          "quantity": 1,
          "price": 19.99
        }
      ],
      "total_price": 369.97,
      "status": "Delivered"
    },
    {
      "id": "2023017",
      "date": "2022-03-15",
      "customer_name": "Christopher Lee",
      "customer_email": "christopher.lee@yahoo.com",
      "items": [
        {
          "product_id": "1017",
          "name": "Wireless Gaming Controller",
          "quantity": 2,
          "price": 139.98
        },
        {
          "product_id": "1025",
          "name": "Wireless Charger",
          "quantity": 1,
          "price": 49.99
        }
      ],
      "total_price": 189.97,
      "status": "Delivered"
    },
    {
      "id": "2023018",
      "date": "2022-03-20",
      "customer_name": "Jessica Wilson",
      "customer_email": "jessica.wilson@yahoo.com",
      "items": [
        {
          "product_id": "1022",
          "name": "Smart Thermostat",
          "quantity": 1,
          "price": 199.99
        }
      ],
      "total_price": 199.99,
      "status": "Cancelled"
    },
    {
      "id": "2023019",
      "date": "2022-03-25",
      "customer_name": "David Johnson",
      "customer_email": "david.johnson@gmail.com",
      "items": [
        {
          "product_id": "1028",
          "name": "Smartphone",
          "quantity": 1,
          "price": 899.99
        }
      ],
      "total_price": 899.99,
      "status": "Delivered"
    },
    {
      "id": "2023020",
      "date": "2022-03-30",
      "customer_name": "Elizabeth Garcia",
      "customer_email": "elizabeth.garcia@hotmail.com",
      "items": [
        {
          "product_id": "1026",
          "name": "Smart Watch",
          "quantity": 1,
          "price": 299.99
        }
      ],
      "total_price": 299.99,
      "status": "Delivered"
    },
    {
      "id": "2023021",
      "date": "2022-04-02",
      "customer_name": "Michael Davis",
      "customer_email": "michael.davis@gmail.com",
      "items": [
        {
          "product_id": "1021",
          "name": "Wireless Earbuds",
          "quantity": 1,
          "price": 129.99
        },
        {
          "product_id": "1025",
          "name": "Wireless Charger",
          "quantity": 1,
          "price": 49.99
        },
        {
          "product_id": "1012",
          "name": "Smartphone Case",
          "quantity": 1,
          "price": 19.99
        }
      ],
      "total_price": 199.97,
      "status": "Delivered"
    },
    {
      "id": "2023022",
      "date": "2022-04-05",
      "customer_name": "Samantha Martinez",
      "customer_email": "samantha.martinez@yahoo.com",
      "items": [
        {
          "product_id": "1019",
          "name": "Action Camera",
          "quantity": 1,
          "price": 199.99
        },
        {
          "product_id": "1014",
          "name": "Bluetooth Keyboard",
          "quantity": 1,
          "price": 59.99
        },
        {
          "product_id": "1025",
          "name": "Wireless Charger",
          "quantity": 1,
          "price": 49.99
        }
      ],
      "total_price": 309.97,
      "status": "Delivered"
    },
    {
      "id": "2023023",
      "date": "2022-04-10",
      "customer_name": "William Jackson",
      "customer_email": "william.jackson@gmail.com",
      "items": [
        {
          "product_id": "1016",
          "name": "Smart Speaker",
          "quantity": 1,
          "price": 149.99
        },
        {
          "product_id": "1025",
          "name": "Wireless Charger",
          "quantity": 1,
          "price": 49.99
        }
      ],
      "total_price": 199.98,
      "status": "Delivered"
    },
    {
      "id": "2023024",
      "date": "2022-04-15",
      "customer_name": "Emily Taylor",
      "customer_email": "emily.taylor@hotmail.com",
      "items": [
        {
          "product_id": "1028",
          "name": "Smartphone",
          "quantity": 1,
          "price": 899.99
        },
        {
          "product_id": "1012",
          "name": "Smartphone Case",
          "quantity": 1,
          "price": 19.99
        }
      ],
      "total_price": 919.98,
      "status": "Delivered"
    },
    {
      "id": "2023025",
      "date": "2022-04-20",
      "customer_name": "John Smith",
      "customer_email": "john.smith@gmail.com",
      "items": [
        {
          "product_id": "1020",
          "name": "Smart TV",
          "quantity": 1,
          "price": 599.99
        },
        {
          "product_id": "1025",
          "name": "Wireless Charger",
          "quantity": 2,
          "price": 99.98
        }
      ],
      "total_price": 699.97,
      "status": "Delivered"
    }
  ]
}
