[
	{
		"title": "10 Essential Tips for First-Time Homebuyers",
		"coverPhoto": "https://example.com/cover-photo-1.jpg",
		"date": "2023-07-15"
	},
	{
		"title": "How to Stage Your Home for a Quick Sale",
		"coverPhoto": "https://example.com/cover-photo-2.jpg",
		"date": "2023-07-18"
	},
	{
		"title": "The Pros and Cons of Buying a Fixer-Upper",
		"coverPhoto": "https://example.com/cover-photo-3.jpg",
		"date": "2023-07-22"
	},
	{
		"title": "Top 5 Up-and-Coming Neighborhoods for Real Estate Investment",
		"coverPhoto": "https://example.com/cover-photo-4.jpg",
		"date": "2023-07-25"
	},
	{
		"title": "The Ultimate Guide to Selling Your Home: From Listing to Closing",
		"coverPhoto": "https://example.com/cover-photo-5.jpg",
		"date": "2023-07-29"
	},
	{
		"title": "How to Maximize Your Home's Curb Appeal on a Budget",
		"coverPhoto": "https://example.com/cover-photo-6.jpg",
		"date": "2023-08-02"
	},
	{
		"title": "Real Estate Investing 101: Getting Started and Building Wealth",
		"coverPhoto": "https://example.com/cover-photo-7.jpg",
		"date": "2023-08-05"
	},
	{
		"title": "The Importance of Location in Real Estate: Choosing the Right Neighborhood",
		"coverPhoto": "https://example.com/cover-photo-8.jpg",
		"date": "2023-08-09"
	},
	{
		"title": "Understanding the Mortgage Process: From Pre-Approval to Closing",
		"coverPhoto": "https://example.com/cover-photo-9.jpg",
		"date": "2023-08-12"
	},
	{
		"title": "Navigating the Rental Market: Tips for Tenants and Landlords",
		"coverPhoto": "https://example.com/cover-photo-10.jpg",
		"date": "2023-08-16"
	}
]
