[
	{
		"id": 1,
		"headline": "New Innovation in AI",
		"content": "A groundbreaking development in the field of artificial intelligence...",
		"category": "Technology",
		"photoUrl": "https://example.com/photo1.jpg"
	},
	{
		"id": 2,
		"headline": "Advancements in Renewable Energy",
		"content": "Exciting breakthroughs in renewable energy sources...",
		"category": "Science",
		"photoUrl": "https://example.com/photo2.jpg"
	},
	{
		"id": 3,
		"headline": "Health and Wellness Tips",
		"content": "Discover effective strategies for maintaining a healthy lifestyle...",
		"category": "Health",
		"photoUrl": "https://example.com/photo3.jpg"
	},
	{
		"id": 4,
		"headline": "Exploring the Mysteries of the Universe",
		"content": "Unveiling the secrets of black holes and distant galaxies...",
		"category": "Space",
		"photoUrl": "https://example.com/photo4.jpg"
	},
	{
		"id": 5,
		"headline": "Traveling the World on a Budget",
		"content": "Tips and tricks for experiencing incredible destinations without breaking the bank...",
		"category": "Travel",
		"photoUrl": "https://example.com/photo5.jpg"
	},
	{
		"id": 6,
		"headline": "Art and Creativity Showcase",
		"content": "Exploring the works of talented artists from around the world...",
		"category": "Art",
		"photoUrl": "https://example.com/photo6.jpg"
	},
	{
		"id": 7,
		"headline": "Sports News and Highlights",
		"content": "Catch up on the latest sports events and thrilling moments...",
		"category": "Sports",
		"photoUrl": "https://example.com/photo7.jpg"
	},
	{
		"id": 8,
		"headline": "Delicious and Healthy Recipes",
		"content": "Wholesome recipes to nourish your body and satisfy your taste buds...",
		"category": "Food",
		"photoUrl": "https://example.com/photo8.jpg"
	},
	{
		"id": 9,
		"headline": "Fashion Trends and Style Inspiration",
		"content": "Stay up-to-date with the latest fashion trends and get style tips...",
		"category": "Fashion",
		"photoUrl": "https://example.com/photo9.jpg"
	},
	{
		"id": 10,
		"headline": "Finance and Investment Strategies",
		"content": "Insights and advice for managing your finances and making smart investments...",
		"category": "Finance",
		"photoUrl": "https://example.com/photo10.jpg"
	},
	{
		"id": 11,
		"headline": "Gaming News and Reviews",
		"content": "Stay updated on the latest gaming releases and read unbiased reviews...",
		"category": "Gaming",
		"photoUrl": "https://example.com/photo11.jpg"
	},
	{
		"id": 12,
		"headline": "Environment and Sustainability",
		"content": "Efforts and initiatives for a greener and more sustainable future...",
		"category": "Environment",
		"photoUrl": "https://example.com/photo12.jpg"
	},
	{
		"id": 13,
		"headline": "Education and Learning Strategies",
		"content": "Effective methods for acquiring knowledge and improving learning outcomes...",
		"category": "Education",
		"photoUrl": "https://example.com/photo13.jpg"
	},
	{
		"id": 14,
		"headline": "Entertainment and Pop Culture",
		"content": "The latest news, trends, and gossip from the world of entertainment...",
		"category": "Entertainment",
		"photoUrl": "https://example.com/photo14.jpg"
	},
	{
		"id": 15,
		"headline": "Personal Development and Motivation",
		"content": "Guidance and inspiration for personal growth and achieving goals...",
		"category": "Self-Help",
		"photoUrl": "https://example.com/photo15.jpg"
	}
]
