{
	"expenses": [
		{
			"id": 1,
			"budgetId": 1,
			"categoryId": 1,
			"amount": 50,
			"date": "2023-07-03"
		},
		{
			"id": 2,
			"budgetId": 1,
			"categoryId": 2,
			"amount": 20,
			"date": "2023-07-08"
		},
		{
			"id": 3,
			"budgetId": 2,
			"categoryId": 8,
			"amount": 250,
			"date": "2023-08-05"
		},
		{
			"id": 4,
			"budgetId": 2,
			"categoryId": 7,
			"amount": 100,
			"date": "2023-08-12"
		},
		{
			"id": 5,
			"budgetId": 3,
			"categoryId": 15,
			"amount": 500,
			"date": "2023-07-20"
		},
		{
			"id": 6,
			"budgetId": 3,
			"categoryId": 3,
			"amount": 300,
			"date": "2023-08-02"
		},
		{
			"id": 7,
			"budgetId": 4,
			"categoryId": 10,
			"amount": 200,
			"date": "2023-07-05"
		},
		{
			"id": 8,
			"budgetId": 4,
			"categoryId": 9,
			"amount": 150,
			"date": "2023-07-10"
		},
		{
			"id": 9,
			"budgetId": 5,
			"categoryId": 6,
			"amount": 150,
			"date": "2023-09-05"
		},
		{
			"id": 10,
			"budgetId": 5,
			"categoryId": 14,
			"amount": 50,
			"date": "2023-09-15"
		},
		{
			"id": 11,
			"budgetId": 6,
			"categoryId": 2,
			"amount": 50,
			"date": "2023-07-10"
		},
		{
			"id": 12,
			"budgetId": 6,
			"categoryId": 12,
			"amount": 100,
			"date": "2023-08-20"
		},
		{
			"id": 13,
			"budgetId": 7,
			"categoryId": 4,
			"amount": 30,
			"date": "2023-07-05"
		},
		{
			"id": 14,
			"budgetId": 7,
			"categoryId": 14,
			"amount": 20,
			"date": "2023-07-12"
		},
		{
			"id": 15,
			"budgetId": 8,
			"categoryId": 11,
			"amount": 1000,
			"date": "2023-07-15"
		},
		{
			"id": 16,
			"budgetId": 8,
			"categoryId": 9,
			"amount": 200,
			"date": "2023-07-25"
		},
		{
			"id": 17,
			"budgetId": 9,
			"categoryId": 5,
			"amount": 200,
			"date": "2023-07-07"
		},
		{
			"id": 18,
			"budgetId": 9,
			"categoryId": 10,
			"amount": 100,
			"date": "2023-07-20"
		},
		{
			"id": 19,
			"budgetId": 10,
			"categoryId": 7,
			"amount": 50,
			"date": "2023-07-10"
		},
		{
			"id": 20,
			"budgetId": 10,
			"categoryId": 11,
			"amount": 100,
			"date": "2023-07-20"
		},
		{
			"id": 21,
			"budgetId": 11,
			"categoryId": 11,
			"amount": 50,
			"date": "2023-07-05"
		},
		{
			"id": 22,
			"budgetId": 11,
			"categoryId": 13,
			"amount": 50,
			"date": "2023-07-12"
		},
		{
			"id": 23,
			"budgetId": 12,
			"categoryId": 10,
			"amount": 500,
			"date": "2023-07-15"
		},
		{
			"id": 24,
			"budgetId": 12,
			"categoryId": 1,
			"amount": 100,
			"date": "2023-08-02"
		},
		{
			"id": 25,
			"budgetId": 13,
			"categoryId": 8,
			"amount": 200,
			"date": "2023-10-10"
		},
		{
			"id": 26,
			"budgetId": 13,
			"categoryId": 8,
			"amount": 150,
			"date": "2023-10-20"
		},
		{
			"id": 27,
			"budgetId": 14,
			"categoryId": 10,
			"amount": 1000,
			"date": "2023-07-01"
		},
		{
			"id": 28,
			"budgetId": 14,
			"categoryId": 11,
			"amount": 200,
			"date": "2023-07-15"
		},
		{
			"id": 29,
			"budgetId": 15,
			"categoryId": 4,
			"amount": 30,
			"date": "2023-07-05"
		},
		{
			"id": 30,
			"budgetId": 15,
			"categoryId": 12,
			"amount": 50,
			"date": "2023-07-12"
		}
	]
}
