{
	"incomes": [
		{
			"id": 1,
			"budgetId": 1,
			"amount": 3000,
			"date": "2023-07-05"
		},
		{
			"id": 2,
			"budgetId": 1,
			"amount": 2500,
			"date": "2023-07-20"
		},
		{
			"id": 3,
			"budgetId": 2,
			"amount": 5000,
			"date": "2023-08-15"
		},
		{
			"id": 4,
			"budgetId": 2,
			"amount": 2000,
			"date": "2023-08-30"
		},
		{
			"id": 5,
			"budgetId": 3,
			"amount": 6000,
			"date": "2023-07-10"
		},
		{
			"id": 6,
			"budgetId": 3,
			"amount": 4000,
			"date": "2023-07-25"
		},
		{
			"id": 7,
			"budgetId": 4,
			"amount": 3000,
			"date": "2023-07-15"
		},
		{
			"id": 8,
			"budgetId": 4,
			"amount": 2000,
			"date": "2023-07-31"
		},
		{
			"id": 9,
			"budgetId": 5,
			"amount": 4000,
			"date": "2023-09-10"
		},
		{
			"id": 10,
			"budgetId": 5,
			"amount": 2000,
			"date": "2023-09-25"
		},
		{
			"id": 11,
			"budgetId": 6,
			"amount": 2000,
			"date": "2023-07-20"
		},
		{
			"id": 12,
			"budgetId": 6,
			"amount": 1500,
			"date": "2023-08-05"
		},
		{
			"id": 13,
			"budgetId": 7,
			"amount": 1000,
			"date": "2023-07-10"
		},
		{
			"id": 14,
			"budgetId": 7,
			"amount": 500,
			"date": "2023-07-25"
		},
		{
			"id": 15,
			"budgetId": 8,
			"amount": 5000,
			"date": "2023-07-20"
		},
		{
			"id": 16,
			"budgetId": 8,
			"amount": 3000,
			"date": "2023-08-05"
		},
		{
			"id": 17,
			"budgetId": 9,
			"amount": 3000,
			"date": "2023-07-15"
		},
		{
			"id": 18,
			"budgetId": 9,
			"amount": 2000,
			"date": "2023-07-31"
		},
		{
			"id": 19,
			"budgetId": 10,
			"amount": 1500,
			"date": "2023-07-10"
		},
		{
			"id": 20,
			"budgetId": 10,
			"amount": 1000,
			"date": "2023-07-25"
		},
		{
			"id": 21,
			"budgetId": 11,
			"amount": 1000,
			"date": "2023-07-20"
		},
		{
			"id": 22,
			"budgetId": 11,
			"amount": 500,
			"date": "2023-08-05"
		},
		{
			"id": 23,
			"budgetId": 12,
			"amount": 5000,
			"date": "2023-07-15"
		},
		{
			"id": 24,
			"budgetId": 12,
			"amount": 3000,
			"date": "2023-07-31"
		},
		{
			"id": 25,
			"budgetId": 13,
			"amount": 2000,
			"date": "2023-10-10"
		},
		{
			"id": 26,
			"budgetId": 13,
			"amount": 1500,
			"date": "2023-10-25"
		},
		{
			"id": 27,
			"budgetId": 14,
			"amount": 5000,
			"date": "2023-07-20"
		},
		{
			"id": 28,
			"budgetId": 14,
			"amount": 3000,
			"date": "2023-08-05"
		},
		{
			"id": 29,
			"budgetId": 15,
			"amount": 1000,
			"date": "2023-07-15"
		},
		{
			"id": 30,
			"budgetId": 15,
			"amount": 500,
			"date": "2023-07-31"
		}
	]
}
