[
	{
		"title": "5 Essential Budgeting Tips for Financial Success",
		"content": "Budgeting is a crucial aspect of personal finance...",
		"author": "John Smith",
		"date": "2023-07-15",
		"imageURL": "https://example.com/budgeting_tips_image1.jpg"
	},
	{
		"title": "Creating a Budget: How to Get Started",
		"content": "When it comes to managing your finances...",
		"author": "Jane Doe",
		"date": "2023-08-02",
		"imageURL": "https://example.com/budgeting_image2.jpg"
	},
	{
		"title": "Budgeting for Beginners: 7 Simple Steps",
		"content": "If you're new to budgeting, it's important to...",
		"author": "Michael Johnson",
		"date": "2023-09-10",
		"imageURL": "https://example.com/budgeting_image3.jpg"
	},
	{
		"title": "The Power of Tracking Expenses: Stay on Budget",
		"content": "Tracking your expenses is a key strategy...",
		"author": "Emily Wilson",
		"date": "2023-07-28",
		"imageURL": "https://example.com/budgeting_image4.jpg"
	},
	{
		"title": "Budgeting Apps: Simplify Your Finances",
		"content": "In today's digital age, there are numerous...",
		"author": "David Thompson",
		"date": "2023-08-16",
		"imageURL": "https://example.com/budgeting_apps_image5.jpg"
	},
	{
		"title": "Saving Strategies: Reach Your Financial Goals",
		"content": "Saving money is an important part...",
		"author": "Amy Anderson",
		"date": "2023-09-03",
		"imageURL": "https://example.com/budgeting_image6.jpg"
	},
	{
		"title": "Emergency Fund: Your Financial Safety Net",
		"content": "An emergency fund is a crucial component...",
		"author": "Robert Davis",
		"date": "2023-07-20",
		"imageURL": "https://example.com/budgeting_image7.jpg"
	},
	{
		"title": "Smart Grocery Shopping: Save Money on Food",
		"content": "Grocery shopping can often take up...",
		"author": "Sophia Adams",
		"date": "2023-08-10",
		"imageURL": "https://example.com/budgeting_image8.jpg"
	},
	{
		"title": "Cutting Back on Dining Out: Enjoy Home Cooking",
		"content": "Eating out at restaurants can quickly add up...",
		"author": "Daniel Wilson",
		"date": "2023-09-18",
		"imageURL": "https://example.com/budgeting_image9.jpg"
	},
	{
		"title": "Tips for Frugal Living: Live Well on a Budget",
		"content": "Living frugally doesn't mean sacrificing enjoyment...",
		"author": "Olivia Hernandez",
		"date": "2023-07-25",
		"imageURL": "https://example.com/budgeting_image10.jpg"
	},
	{
		"title": "Avoiding Impulse Purchases: Stick to Your Budget",
		"content": "Impulse purchases can derail your budgeting efforts...",
		"author": "William Thompson",
		"date": "2023-08-05",
		"imageURL": "https://example.com/budgeting_image11.jpg"
	},
	{
		"title": "Managing Debt: Strategies for Financial Freedom",
		"content": "Debt can be a significant obstacle...",
		"author": "Emma Scott",
		"date": "2023-09-12",
		"imageURL": "https://example.com/budgeting_image12.jpg"
	},
	{
		"title": "Travel on a Budget: Explore the World for Less",
		"content": "Traveling doesn't have to break the bank...",
		"author": "Matthew Davis",
		"date": "2023-07-30",
		"imageURL": "https://example.com/budgeting_image13.jpg"
	},
	{
		"title": "Budget-Friendly Entertainment Ideas for All Ages",
		"content": "Entertainment expenses can quickly accumulate...",
		"author": "Ava Johnson",
		"date": "2023-08-22",
		"imageURL": "https://example.com/budgeting_image14.jpg"
	},
	{
		"title": "Teaching Kids about Money: Budgeting Basics",
		"content": "Instilling good money habits in children...",
		"author": "Andrew Wilson",
		"date": "2023-09-08",
		"imageURL": "https://example.com/budgeting_image15.jpg"
	}
]
