{
	"savings": [
		{
			"id": 1,
			"budgetId": 1,
			"amount": 500,
			"date": "2023-07-10"
		},
		{
			"id": 2,
			"budgetId": 1,
			"amount": 300,
			"date": "2023-07-25"
		},
		{
			"id": 3,
			"budgetId": 2,
			"amount": 1000,
			"date": "2023-08-15"
		},
		{
			"id": 4,
			"budgetId": 2,
			"amount": 500,
			"date": "2023-08-30"
		},
		{
			"id": 5,
			"budgetId": 3,
			"amount": 1500,
			"date": "2023-07-05"
		},
		{
			"id": 6,
			"budgetId": 3,
			"amount": 1000,
			"date": "2023-07-20"
		},
		{
			"id": 7,
			"budgetId": 4,
			"amount": 500,
			"date": "2023-07-15"
		},
		{
			"id": 8,
			"budgetId": 4,
			"amount": 300,
			"date": "2023-07-31"
		},
		{
			"id": 9,
			"budgetId": 5,
			"amount": 1000,
			"date": "2023-09-05"
		},
		{
			"id": 10,
			"budgetId": 5,
			"amount": 500,
			"date": "2023-09-20"
		},
		{
			"id": 11,
			"budgetId": 6,
			"amount": 500,
			"date": "2023-07-10"
		},
		{
			"id": 12,
			"budgetId": 6,
			"amount": 300,
			"date": "2023-07-25"
		},
		{
			"id": 13,
			"budgetId": 7,
			"amount": 200,
			"date": "2023-07-15"
		},
		{
			"id": 14,
			"budgetId": 7,
			"amount": 100,
			"date": "2023-07-31"
		},
		{
			"id": 15,
			"budgetId": 8,
			"amount": 2000,
			"date": "2023-07-20"
		},
		{
			"id": 16,
			"budgetId": 8,
			"amount": 1500,
			"date": "2023-08-05"
		},
		{
			"id": 17,
			"budgetId": 9,
			"amount": 1000,
			"date": "2023-07-10"
		},
		{
			"id": 18,
			"budgetId": 9,
			"amount": 500,
			"date": "2023-07-25"
		},
		{
			"id": 19,
			"budgetId": 10,
			"amount": 300,
			"date": "2023-07-15"
		},
		{
			"id": 20,
			"budgetId": 10,
			"amount": 200,
			"date": "2023-07-31"
		},
		{
			"id": 21,
			"budgetId": 11,
			"amount": 500,
			"date": "2023-07-20"
		},
		{
			"id": 22,
			"budgetId": 11,
			"amount": 300,
			"date": "2023-08-05"
		},
		{
			"id": 23,
			"budgetId": 12,
			"amount": 1500,
			"date": "2023-07-10"
		},
		{
			"id": 24,
			"budgetId": 12,
			"amount": 1000,
			"date": "2023-07-25"
		},
		{
			"id": 25,
			"budgetId": 13,
			"amount": 500,
			"date": "2023-10-10"
		},
		{
			"id": 26,
			"budgetId": 13,
			"amount": 300,
			"date": "2023-10-25"
		},
		{
			"id": 27,
			"budgetId": 14,
			"amount": 2000,
			"date": "2023-07-20"
		},
		{
			"id": 28,
			"budgetId": 14,
			"amount": 1500,
			"date": "2023-08-05"
		},
		{
			"id": 29,
			"budgetId": 15,
			"amount": 500,
			"date": "2023-07-10"
		},
		{
			"id": 30,
			"budgetId": 15,
			"amount": 300,
			"date": "2023-07-25"
		}
	]
}
