{
	"users": [
		{
			"id": 1,
			"name": "John Doe",
			"email": "johndoe@example.com",
			"password": "password1"
		},
		{
			"id": 2,
			"name": "Jane Smith",
			"email": "janesmith@example.com",
			"password": "password2"
		},
		{
			"id": 3,
			"name": "David Johnson",
			"email": "davidjohnson@example.com",
			"password": "password3"
		},
		{
			"id": 4,
			"name": "Emily Brown",
			"email": "emilybrown@example.com",
			"password": "password4"
		},
		{
			"id": 5,
			"name": "Michael Wilson",
			"email": "michaelwilson@example.com",
			"password": "password5"
		},
		{
			"id": 6,
			"name": "Olivia Taylor",
			"email": "oliviataylor@example.com",
			"password": "password6"
		},
		{
			"id": 7,
			"name": "Daniel Anderson",
			"email": "danielanderson@example.com",
			"password": "password7"
		},
		{
			"id": 8,
			"name": "Sophia Martinez",
			"email": "sophiamartinez@example.com",
			"password": "password8"
		},
		{
			"id": 9,
			"name": "Joseph Thomas",
			"email": "josephthomas@example.com",
			"password": "password9"
		},
		{
			"id": 10,
			"name": "Mia White",
			"email": "miawhite@example.com",
			"password": "password10"
		},
		{
			"id": 11,
			"name": "William Davis",
			"email": "williamdavis@example.com",
			"password": "password11"
		},
		{
			"id": 12,
			"name": "Ava Anderson",
			"email": "avaanderson@example.com",
			"password": "password12"
		},
		{
			"id": 13,
			"name": "James Thompson",
			"email": "jamesthompson@example.com",
			"password": "password13"
		},
		{
			"id": 14,
			"name": "Charlotte Harris",
			"email": "charlotteharris@example.com",
			"password": "password14"
		},
		{
			"id": 15,
			"name": "Benjamin Clark",
			"email": "benjaminclark@example.com",
			"password": "password15"
		}
	]
}
