[
	{
		"id": 1,
		"userId": 1,
		"storyId": 1
	},
	{
		"id": 2,
		"userId": 2,
		"storyId": 1
	},
	{
		"id": 3,
		"userId": 3,
		"storyId": 2
	},
	{
		"id": 4,
		"userId": 4,
		"storyId": 2
	},
	{
		"id": 5,
		"userId": 5,
		"storyId": 3
	},
	{
		"id": 6,
		"userId": 1,
		"storyId": 3
	},
	{
		"id": 7,
		"userId": 2,
		"storyId": 4
	},
	{
		"id": 8,
		"userId": 3,
		"storyId": 4
	},
	{
		"id": 9,
		"userId": 4,
		"storyId": 5
	},
	{
		"id": 10,
		"userId": 5,
		"storyId": 5
	},
	{
		"id": 11,
		"userId": 1,
		"storyId": 6
	},
	{
		"id": 12,
		"userId": 2,
		"storyId": 6
	},
	{
		"id": 13,
		"userId": 3,
		"storyId": 7
	},
	{
		"id": 14,
		"userId": 4,
		"storyId": 7
	},
	{
		"id": 15,
		"userId": 5,
		"storyId": 8
	}
]
