[
	{
		"id": 1,
		"name": "John Doe",
		"email": "johndoe@example.com",
		"password": "password123"
	},
	{
		"id": 2,
		"name": "Jane Smith",
		"email": "janesmith@example.com",
		"password": "securepassword"
	},
	{
		"id": 3,
		"name": "Bob Johnson",
		"email": "bjohnson@example.com",
		"password": "test123"
	},
	{
		"id": 4,
		"name": "Emily Brown",
		"email": "ebrown@example.com",
		"password": "pass123"
	},
	{
		"id": 5,
		"name": "Michael Wilson",
		"email": "mwilson@example.com",
		"password": "abc123"
	},
	{
		"id": 6,
		"name": "Sarah Davis",
		"email": "sdavis@example.com",
		"password": "password1"
	},
	{
		"id": 7,
		"name": "David Thompson",
		"email": "dthompson@example.com",
		"password": "pass456"
	},
	{
		"id": 8,
		"name": "Jennifer Taylor",
		"email": "jtaylor@example.com",
		"password": "mypassword"
	},
	{
		"id": 9,
		"name": "Christopher Anderson",
		"email": "canderson@example.com",
		"password": "test456"
	},
	{
		"id": 10,
		"name": "Amanda Martinez",
		"email": "amartinez@example.com",
		"password": "password1234"
	},
	{
		"id": 11,
		"name": "Matthew Harris",
		"email": "mharris@example.com",
		"password": "pass789"
	},
	{
		"id": 12,
		"name": "Olivia Wilson",
		"email": "owilson@example.com",
		"password": "mysecret"
	},
	{
		"id": 13,
		"name": "Daniel Thompson",
		"email": "dthompson2@example.com",
		"password": "test789"
	},
	{
		"id": 14,
		"name": "Sophia Davis",
		"email": "sdavis2@example.com",
		"password": "password2"
	},
	{
		"id": 15,
		"name": "James Smith",
		"email": "jsmith2@example.com",
		"password": "abc456"
	}
]
